"color","label"
"#F8766DFF","A0A2N2PUR1"
"#F8766DFF","A0A161K3U5"
"#F8766DFF","A0A1J5J8E4"
"#F8766DFF","A0A1J4ZME0"
"#F8766DFF","A0A2N2Q0J1"
"#F8766DFF","A0A1W9MPI5"
"#F8766DFF","A0A2M7KNF3"
"#F8766DFF","A0A0S8B9F2"
"#F8766DFF","A0A6L3F263"
"#F8766DFF","A0A1V1NZK2"
"#F8766DFF","A0A1J4SAG9"
"#F8766DFF","A0A3A0BT77"
"#F8766DFF","A0A318CVP8"
"#F8766DFF","A0A1W9WD44"
"#F8766DFF","A0A3M1PAG6"
"#F8766DFF","A0A3A4WQ00"
"#F8766DFF","A0A1W9R4R5"
"#F8766DFF","A0A3M1L9M3"
"#F8766DFF","K9ZNA1"
"#F8766DFF","A0A0P8CB26"
"#F8766DFF","A0A661CZZ0"
"#F8766DFF","A0A1W9X8V6"
"#F8766DFF","A0A1W9W6G7"
"#F8766DFF","A0A1E3XAI0"
"#F8766DFF","A0A1W9TJS2"
"#F8766DFF","A0A1F9MN97"
"#F8766DFF","A0A3L7XT58"
"#F8766DFF","A0A497BV66"
"#F8766DFF","A0A1J5A0S7"
"#F8766DFF","A0A1W9W524"
"#F8766DFF","A0A1W9MKW3"
"#F8766DFF","A0A661W2D6"
"#F8766DFF","A0A3A0A7M1"
"#F8766DFF","H8Z264"
"#F8766DFF","A0A2N2PW40"
"#F8766DFF","A0A1J5A0C7"
"#F8766DFF","A0A524AHJ7"
"#F8766DFF","A0A1J5ARS2"
"#F8766DFF","A0A661VG46"
"#F8766DFF","A0A2N2PN71"
"#F8766DFF","A0A3L7X951"
"#F8766DFF","A0A524AUA9"
"#F8766DFF","A0A497BQF9"
"#F8766DFF","A0A661W530"
"#F8766DFF","A0A6A0I1T8"
"#F8766DFF","A0A6A0HQY2"
"#F8766DFF","A0A524A415"
"#F8766DFF","A0A497A7D7"
"#F8766DFF","A0A2N2PTT8"
"#F8766DFF","A0A1W9UX82"
"#E58700FF","A0A1U7J6X9"
"#E58700FF","A0A2T2WC51"
"#E58700FF","A0A2W4WFJ3"
"#E58700FF","A0A2W7BVC0"
"#E58700FF","A0A2N2PRA7"
"#E58700FF","A0A1J5A6H1"
"#E58700FF","A0A0T7BLY6"
"#E58700FF","A0A1Z4JMB9"
"#E58700FF","A0A0K2M0L0"
"#E58700FF","A0A1Z4QQJ0"
"#E58700FF","A0A6P1ZU30"
"#E58700FF","A0A2K8WS94"
"#E58700FF","A0A1F3SVH8"
"#E58700FF","A0A2W6YQ56"
"#E58700FF","A0A661VIG2"
"#E58700FF","A0A1W9V755"
"#E58700FF","A0A661S1P9"
"#E58700FF","A0A2V3JIG3"
"#E58700FF","F2KQE1"
"#E58700FF","D3S222"
"#E58700FF","A0A2V3JWW4"
"#E58700FF","A0A520K5L1"
"#E58700FF","A0A524AF20"
"#E58700FF","A0A497AHD7"
"#E58700FF","A0A522BXR5"
"#E58700FF","A0A419FTU3"
"#E58700FF","A0A662A3W5"
"#E58700FF","A0A2M7AP03"
"#E58700FF","A0A1E3XEK2"
"#E58700FF","A0A6A0HSZ6"
"#E58700FF","A0A399ZVM9"
"#E58700FF","A0A524AH00"
"#E58700FF","A0A1J4ZYN6"
"#E58700FF","A0A1E7JED6"
"#E58700FF","A0A3M1ELS1"
"#E58700FF","A0A3M1LJK6"
"#E58700FF","A0A497B4Z2"
"#E58700FF","A0A1F8TQW9"
"#E58700FF","A0A661VHB1"
"#E58700FF","A0A524APW6"
"#E58700FF","A0A1W9V0P9"
"#E58700FF","A0A3M3KS71"
"#E58700FF","F2KM77"
"#E58700FF","A0A0B1Z7C6"
"#E58700FF","A3JKY5"
"#E58700FF","A0A661ISN5"
"#E58700FF","A0A519BDU8"
"#E58700FF","A0A432QWA9"
"#E58700FF","A0A2R6N258"
"#E58700FF","A0A830EJL8"
"#E58700FF","A0A2T2WGU4"
"#E58700FF","A0A6F8ZCI4"
"#E58700FF","I4DAZ4"
"#E58700FF","A0A662W0R0"
"#E58700FF","A0A7G9ZAH9"
"#E58700FF","A0A811THE2"
"#E58700FF","A0A537H028"
"#E58700FF","A0A068N0K5"
"#E58700FF","K9ZH10"
"#E58700FF","A0A2W7BM73"
"#E58700FF","A0A2N2PRK9"
"#E58700FF","A0A497ATR2"
"#E58700FF","A0A1F8R7N4"
"#E58700FF","A0A3L7X2S9"
"#E58700FF","A0A081C743"
"#E58700FF","A0A1E7IXF6"
"#E58700FF","A0A318CTB3"
"#E58700FF","K2RDH2"
"#E58700FF","A0A1V4YFU8"
"#E58700FF","A0A1G3V3Z1"
"#E58700FF","A0A1W9WNN5"
"#E58700FF","A0A090AGI7"
"#E58700FF","A0A1F9MR35"
"#E58700FF","A0A2N2PSL5"
"#E58700FF","A0A1W9UWU9"
"#E58700FF","A0A3R7AQ40"
"#E58700FF","A0A368THV5"
"#E58700FF","A0A2H6F4S9"
"#E58700FF","A0A1V4AR66"
"#E58700FF","A0A1J5DGS5"
"#E58700FF","A0A522VGK3"
"#E58700FF","A0A1E7H9W4"
"#E58700FF","A0A1V4RTG9"
"#E58700FF","A0A3N5P158"
"#E58700FF","A0A1J4ZRD7"
"#E58700FF","A0A1J4S980"
"#E58700FF","A0A523C3Y1"
"#E58700FF","A0A0E3PR22"
"#E58700FF","A0A522UME4"
"#E58700FF","A0A2I0NJ45"
"#E58700FF","A0A5E4L3J8"
"#E58700FF","A0A062V5K3"
"#E58700FF","A0A1F8QXH8"
"#E58700FF","A0A2I0N3V6"
"#E58700FF","A0A363U4U2"
"#E58700FF","A0A1F8UB49"
"#E58700FF","A0A1P9X0F6"
"#E58700FF","A0A1F8QW58"
"#E58700FF","A0A661L2E9"
"#E58700FF","A0A1G3C2T3"
"#E58700FF","A0A1E3XDU8"
"#E58700FF","A0A1G2ZCK4"
"#E58700FF","A0A1E3X3F5"
"#E58700FF","A0A7G9YQ59"
"#E58700FF","A0A3R7I2D9"
"#E58700FF","A0A2V3JMA0"
"#E58700FF","A0A811T5H1"
"#E58700FF","A0A1J5JKD8"
"#E58700FF","A0A1J5NQZ5"
"#E58700FF","K2RUH0"
"#E58700FF","A0A5E4KXX5"
"#E58700FF","F2KQ93"
"#E58700FF","Q5JFZ2"
"#E58700FF","A0A117ITL9"
"#E58700FF","W8NUE4"
"#E58700FF","I3ZVK6"
"#E58700FF","A0A097QWP1"
"#E58700FF","A0A0F2J4B2"
"#E58700FF","A0A5D0MMI2"
"#E58700FF","S0G1Y9"
"#E58700FF","A0A1V1P3S5"
"#E58700FF","A0A1G3C9F9"
"#E58700FF","A0A2H6FKM4"
"#E58700FF","A0A661ZFJ8"
"#E58700FF","A0A1W9SRM0"
"#E58700FF","A0A662BBI8"
"#E58700FF","A0A1F2P707"
"#E58700FF","A0A662VR66"
"#E58700FF","D3S2T3"
"#E58700FF","A0A497JC74"
"#E58700FF","A0A0S1XEY1"
"#E58700FF","A0A2M6ZUA5"
"#E58700FF","A0A086YJB6"
"#E58700FF","A0A151B1W0"
"#E58700FF","A0A424YC56"
"#E58700FF","A0A532TDH4"
"#E58700FF","A0A0M2UQM3"
"#E58700FF","A0A1G1DFJ2"
"#E58700FF","A0A3A4QDY2"
"#E58700FF","A0A661RCG6"
"#E58700FF","K0NDS6"
"#E58700FF","A0A318D6J4"
"#E58700FF","A0A450Z1T6"
"#E58700FF","A0A450VGU5"
"#E58700FF","A0A651F908"
"#E58700FF","A0A1H3ATU9"
"#E58700FF","A0A1Y1Q196"
"#E58700FF","A0A1H6F9X2"
"#E58700FF","A0A5E4KK87"
"#E58700FF","A0A822IVL1"
"#E58700FF","A0A7G9YE84"
"#E58700FF","A0A811T5Q1"
"#E58700FF","A0A5E4HNF9"
"#E58700FF","A0A5E4K9Z3"
"#E58700FF","A0A7G9YNS5"
"#E58700FF","A0A520K453"
"#E58700FF","A0A661S8N7"
"#E58700FF","A0A661S6C7"
"#E58700FF","A0A2G9XIS1"
"#E58700FF","A0A3A5B3K4"
"#E58700FF","A0A1W9WAY4"
"#E58700FF","A0A1W9UZK7"
"#E58700FF","A0A1W9MQN2"
"#E58700FF","A0A5C2HFW3"
"#E58700FF","A0A1G0LVC4"
"#E58700FF","A0A3A6MQU0"
"#E58700FF","A0A1F3KMB7"
"#E58700FF","A0A3A0CWP8"
"#E58700FF","A0A1F6CTT0"
"#E58700FF","A0A661S184"
"#E58700FF","A0A1W9R164"
"#E58700FF","A0A6A0HR04"
"#E58700FF","A0A7G9Z025"
"#E58700FF","A0A1W9RB00"
"#E58700FF","A0A2H0TJA4"
"#E58700FF","A0A1Q9NFK0"
"#E58700FF","D2QTT9"
"#E58700FF","A0A520K500"
"#E58700FF","A0A2M7AAH3"
"#E58700FF","A0A7L9CDR0"
"#E58700FF","A0A533QJ03"
"#E58700FF","A0A0S6VRV7"
"#E58700FF","A0A1G0MI60"
"#E58700FF","A0A6N7ARN5"
"#E58700FF","A0A662RIK3"
"#E58700FF","A0A7G9YC00"
"#E58700FF","A0A520JWH3"
"#E58700FF","A0A1F9CTR8"
"#E58700FF","A0A2G9XL64"
"#E58700FF","A0A1F9LZ93"
"#E58700FF","A0A3G1A5H6"
"#E58700FF","A0A0P0N3E4"
"#E58700FF","A0A497LGH3"
"#E58700FF","A0A662I211"
"#E58700FF","A0A2H0XXK5"
"#E58700FF","A0A524AC69"
"#E58700FF","A0A1W9UYK4"
"#E58700FF","A0A1Y1RJ17"
"#E58700FF","A0A3M1NN30"
"#E58700FF","A0A1G1D9E0"
"#E58700FF","A0A2H0A9D2"
"#E58700FF","A0A496T9R9"
"#E58700FF","A0A1E7J7I3"
"#C99800FF","K9V4G9"
"#C99800FF","A0A1E2WS60"
"#C99800FF","K9YX54"
"#C99800FF","K9SSA2"
"#C99800FF","A0A0P7ZRY8"
"#C99800FF","A0A2T1DAD1"
"#C99800FF","A0A6P2AXP7"
"#C99800FF","A3IIF2"
"#C99800FF","I4G9V8"
"#C99800FF","A0A1L9QQB5"
"#C99800FF","D8G2Z6"
"#C99800FF","A0A2T1D0Y4"
"#C99800FF","A0A522WZ93"
"#C99800FF","G4SXQ8"
"#C99800FF","A0A419FRZ1"
"#C99800FF","A0A1Y2ZVD3"
"#C99800FF","A0A0B0EE52"
"#C99800FF","A0A0G1RIP8"
"#C99800FF","A0A1Q4R3M5"
"#C99800FF","A0A090AEV4"
"#C99800FF","A0A661SQ44"
"#C99800FF","A0A1Y1QM25"
"#C99800FF","A0A081BXK4"
"#C99800FF","A0A5C7QSK7"
"#A3A500FF","A0A2W7C6J6"
"#A3A500FF","A0A2W6Z0A6"
"#A3A500FF","A0A1V1X0Z8"
"#A3A500FF","A0A523WS00"
"#A3A500FF","A0A2S8K4B4"
"#A3A500FF","A0A1W9MLK8"
"#A3A500FF","I5B286"
"#A3A500FF","D6STY1"
"#A3A500FF","A0A4P8L5V2"
"#A3A500FF","A0A1V4MMF7"
"#A3A500FF","A0A445MUS5"
"#A3A500FF","A0A1E5QWN7"
"#A3A500FF","A0A1B7UZ01"
"#A3A500FF","A0A1B7W6G6"
"#A3A500FF","A0A1W1HHF9"
"#A3A500FF","S0G6W6"
"#A3A500FF","A0A0S6VZY8"
"#A3A500FF","A0A661SEF8"
"#A3A500FF","A0A2M7CFG5"
"#A3A500FF","A0A419GJ55"
"#A3A500FF","A0A2G9XE42"
"#A3A500FF","A0A1G1DYA5"
"#A3A500FF","A0A1V6M118"
"#A3A500FF","A0A420Z6A9"
"#A3A500FF","A0A2H6F643"
"#A3A500FF","A0A3L7WNK9"
"#A3A500FF","A0A1W9V1C0"
"#A3A500FF","A0A1F6CUE7"
"#A3A500FF","A0A1F8QYX0"
"#A3A500FF","A0A3A0AW31"
"#A3A500FF","A0A1J5ATF0"
"#A3A500FF","A0A426U555"
"#A3A500FF","A0A2A6RLV3"
"#A3A500FF","A0A0S6VWH3"
"#A3A500FF","A0A1V1P7S1"
"#A3A500FF","A0A497B8N5"
"#A3A500FF","A0A3A0BHQ3"
"#A3A500FF","A0A661SVG3"
"#A3A500FF","A0A1F8QJZ3"
"#A3A500FF","A0A1F7RR02"
"#A3A500FF","A0A1F7RM64"
"#A3A500FF","A0A1G3BTE2"
"#A3A500FF","A0A1G1J0J3"
"#A3A500FF","A0A1G1FHA6"
"#A3A500FF","A0A1G3XSG2"
"#A3A500FF","A0A1G1HGB1"
"#A3A500FF","A0A1G1HSE4"
"#A3A500FF","A0A3M1P0U3"
"#A3A500FF","A0A2M7BNA2"
"#A3A500FF","A0A6H9KME6"
"#A3A500FF","A0A1G3C9S1"
"#A3A500FF","A0A0B0EIV8"
"#A3A500FF","A0A419FPD6"
"#A3A500FF","A0A419GX18"
"#A3A500FF","A0A1G1GRM8"
"#A3A500FF","A0A6N7ATH8"
"#A3A500FF","A0A2M7ECB6"
"#A3A500FF","A0A1W9M537"
"#A3A500FF","A0A3M1RHK1"
"#A3A500FF","A0A256BIZ0"
"#A3A500FF","A0A2W7BVA8"
"#A3A500FF","A0A1J5GR39"
"#A3A500FF","A0A6A0HWF5"
"#A3A500FF","A0A1J5ABH2"
"#A3A500FF","A0A497AQ35"
"#A3A500FF","A0A1J5J651"
"#A3A500FF","A0A0S6VYA0"
"#A3A500FF","A0A1L9QUA2"
"#A3A500FF","A0A1D9FZN8"
"#A3A500FF","A0A6P2A3N7"
"#A3A500FF","D8FZD1"
"#A3A500FF","K9VUB0"
"#A3A500FF","I4HDS9"
"#A3A500FF","B0JKA5"
"#A3A500FF","A0A2T1DDR6"
"#A3A500FF","A0A3A4QVM7"
"#A3A500FF","A0A2M7CPR8"
"#A3A500FF","A0A3L7X7H6"
"#A3A500FF","A0A521HX75"
"#A3A500FF","A0A524A6X4"
"#A3A500FF","A0A0S6VSC9"
"#A3A500FF","A0A3L7WZR8"
"#A3A500FF","A0A497BXK0"
"#A3A500FF","A0A1W9UY89"
"#A3A500FF","I4IF14"
"#A3A500FF","I4GF83"
"#A3A500FF","A0A1W9N027"
"#A3A500FF","A0A1Y2ZW04"
"#A3A500FF","A0A1W9SGL9"
"#A3A500FF","A0A1Y1Q1D7"
"#A3A500FF","A0A662A9J6"
"#A3A500FF","A0A662AT15"
"#A3A500FF","A0A1W9SRU6"
"#A3A500FF","A0A661ZZE0"
"#A3A500FF","A0A1W9SRC4"
"#A3A500FF","A0A662AKN6"
"#A3A500FF","A0A661ZPF1"
"#A3A500FF","A0A2M7NJ78"
"#A3A500FF","A0A1W9T3L8"
"#A3A500FF","A0A1G3KPG7"
"#A3A500FF","A0A662AU72"
"#A3A500FF","A0A1F3KR57"
"#A3A500FF","A0A1W9R8Y9"
"#A3A500FF","A0A1W9ST75"
"#A3A500FF","A0A1J4ZXZ0"
"#A3A500FF","A0A2N2PW97"
"#A3A500FF","A0A524APL3"
"#A3A500FF","A0A521ICI8"
"#A3A500FF","A0A1J4SCK3"
"#A3A500FF","A0A2M7R3R9"
"#A3A500FF","A0A661SRL5"
"#A3A500FF","A0A1W9XF52"
"#A3A500FF","A0A3L7XA18"
"#A3A500FF","A0A2N2PSN8"
"#A3A500FF","A0A3M1EVC0"
"#A3A500FF","A0A1J4RN92"
"#A3A500FF","A0A1F8TS46"
"#A3A500FF","A0A496ZYP8"
"#A3A500FF","A0A1F8R733"
"#A3A500FF","A0A419JHV7"
"#A3A500FF","A0A662RC94"
"#A3A500FF","A0A0P9GAC7"
"#A3A500FF","A0A2H9LMQ3"
"#A3A500FF","A0A811T6R8"
"#A3A500FF","A0A2V3JPC0"
"#A3A500FF","A0A5E4KDP1"
"#A3A500FF","A0A822IHG2"
"#A3A500FF","A0A5E4IT27"
"#A3A500FF","A0A086YSS8"
"#A3A500FF","F4C0I5"
"#A3A500FF","A0A1G1HH58"
"#A3A500FF","A0A2M7F617"
"#A3A500FF","A0A1G1DKD0"
"#A3A500FF","A0A1F9EKW2"
"#A3A500FF","A0A1G1D1B9"
"#A3A500FF","A0A2H6F2M7"
"#A3A500FF","A0A1E3X6E2"
"#A3A500FF","A0A661SMY3"
"#A3A500FF","A0A1G2ZHY7"
"#A3A500FF","A0A661SPM0"
"#A3A500FF","D8F818"
"#A3A500FF","A0A0B0EFN7"
"#A3A500FF","A0A3M1XZE9"
"#A3A500FF","A0A151ET66"
"#A3A500FF","A0A522V5Z9"
"#A3A500FF","A0A1E7GPC0"
"#A3A500FF","A0A2M7AM20"
"#A3A500FF","A0A1J4ZYB9"
"#A3A500FF","A0A497AZS8"
"#A3A500FF","A0A2N2PUA8"
"#A3A500FF","A0A532EZG2"
"#A3A500FF","A0A1F9KM69"
"#A3A500FF","A0A1F9CZL6"
"#A3A500FF","A0A0S6VPY2"
"#A3A500FF","A0A661SNX4"
"#A3A500FF","A0A661RHI0"
"#A3A500FF","A0A2M6YUL1"
"#A3A500FF","A0A0P0N3D8"
"#A3A500FF","A0A256YEC3"
"#A3A500FF","A0A662J7C2"
"#A3A500FF","A0A497LEV4"
"#A3A500FF","A0A524FDN1"
"#A3A500FF","A0A497FFH1"
"#A3A500FF","A0A3M1WRC5"
"#6BB100FF","A0A2R6HBB5"
"#6BB100FF","M0JNT5"
"#6BB100FF","A0A2R6KZU4"
"#6BB100FF","A0A2R6GGS0"
"#6BB100FF","L0JRK5"
"#6BB100FF","U1N150"
"#6BB100FF","A0A1U7EYX0"
"#6BB100FF","V4YCN6"
"#6BB100FF","A0A2R6E8Z3"
"#6BB100FF","A0A2R6H7C5"
"#6BB100FF","A0A2R6ISH7"
"#6BB100FF","A0A7U3WBQ4"
"#6BB100FF","Q9HSX0"
"#6BB100FF","A0A1I5W0Y1"
"#6BB100FF","U1PDV8"
"#6BB100FF","U3A2J8"
"#6BB100FF","G0LJP7"
"#6BB100FF","A0A4D6HTR4"
"#6BB100FF","A0A0F7PB75"
"#6BB100FF","M0JG96"
"#6BB100FF","U1ND35"
"#6BB100FF","A0A5Q0UJ04"
"#6BB100FF","A0A656YWG3"
"#6BB100FF","A0A133UIN7"
"#6BB100FF","A0A2R6FYJ6"
"#6BB100FF","A0A2R6LXW5"
"#6BB100FF","A0A166SGV0"
"#6BB100FF","A0A2R6IUI3"
"#6BB100FF","D8JC60"
"#6BB100FF","A0A166TQ71"
"#6BB100FF","M0M4T4"
"#6BB100FF","A0A329T438"
"#6BB100FF","A0A2R6LM64"
"#6BB100FF","A0A2R6E0B5"
"#6BB100FF","M0FAK0"
"#6BB100FF","A0A063ZLG1"
"#6BB100FF","A0A2R6GN19"
"#6BB100FF","A0A2R6JF52"
"#6BB100FF","A0A2R6KSW2"
"#6BB100FF","M0BGC0"
"#6BB100FF","A0A2R6JVP7"
"#6BB100FF","A0A4U7CT85"
"#6BB100FF","U1NF82"
"#6BB100FF","F7PQ79"
"#00BA38FF","A0A2R6M216"
"#00BA38FF","A0A2R6L538"
"#00BA38FF","A0A2R6DYM2"
"#00BA38FF","A0A2R6GCX2"
"#00BA38FF","U1PL79"
"#00BA38FF","M0DE84"
"#00BA38FF","M1XT92"
"#00BA38FF","J3JD94"
"#00BA38FF","A0A1G7LKR1"
"#00BA38FF","A0A0M9AN26"
"#00BA38FF","A0A2R6MU76"
"#00BA38FF","L9Z2A3"
"#00BA38FF","A0A2R6FM87"
"#00BA38FF","A0A2R6HJI0"
"#00BA38FF","A0A2R6H1T8"
"#00BA38FF","M0GX03"
"#00BA38FF","A0A2R6D328"
"#00BA38FF","M0JVX2"
"#00BA38FF","O51956"
"#00BA38FF","A0A1Q1FKE1"
"#00BA38FF","A0A1N7HBK5"
"#00BA38FF","M0FF34"
"#00BA38FF","U1NBW9"
"#00BF7DFF","A0A2M6YVL2"
"#00BF7DFF","A0A2M7XZ54"
"#00BF7DFF","A0A1F7Y0J8"
"#00BF7DFF","A0A1F7Y128"
"#00BF7DFF","A0A554L3K9"
"#00BF7DFF","A0A1F7GCE5"
"#00BF7DFF","A0A1F7IF39"
"#00BF7DFF","A0A2G9Y5V8"
"#00BF7DFF","A0A2M7CL11"
"#00BF7DFF","A0A3N5NKA7"
"#00BF7DFF","A0A497BCV7"
"#00BF7DFF","A0A661VYI4"
"#00BF7DFF","A0A0C9NJ41"
"#00BF7DFF","A0A6N6S372"
"#00BF7DFF","A0A1G1H4S1"
"#00BF7DFF","A0A3M1FYP3"
"#00BF7DFF","A0A1G3Y786"
"#00BF7DFF","A0A1G1DG21"
"#00BF7DFF","A0A662RJR7"
"#00BF7DFF","A0A2V3JI51"
"#00BF7DFF","A0A520K1Q7"
"#00BF7DFF","A0A368TL73"
"#00BF7DFF","A0A662RF57"
"#00BF7DFF","A0A2V3JP24"
"#00BF7DFF","A0A5E4L4D6"
"#00BF7DFF","A0A5E4KF11"
"#00BF7DFF","A0A523R863"
"#00BF7DFF","A0A1J4SDU5"
"#00BF7DFF","A0A2M7CGT1"
"#00BF7DFF","A0A0S7XTZ3"
"#00BF7DFF","A0A1G3XV00"
"#00BF7DFF","A0A1E3XFE6"
"#00BF7DFF","A0A1G3Y0F9"
"#00BF7DFF","A0A1F4QUG5"
"#00BF7DFF","A0A1W9UXV2"
"#00BF7DFF","A0A1F8TSM4"
"#00BF7DFF","A0A497B3B8"
"#00BF7DFF","A0A5E4KWG9"
"#00BF7DFF","A0A7G9YY27"
"#00BF7DFF","A0A089ZB40"
"#00BF7DFF","A0A1F9U1B9"
"#00BF7DFF","A0A1F8U8K6"
"#00BF7DFF","A0A1W9XAP1"
"#00BF7DFF","A0A524AM31"
"#00BF7DFF","A0A661LS76"
"#00BF7DFF","A0A0B0EL16"
"#00BF7DFF","A0A1G1E5Z6"
"#00BF7DFF","A0A497NV63"
"#00BF7DFF","A0A662Q790"
"#00BF7DFF","A0A662I3Y1"
"#00BF7DFF","A0A497G1B9"
"#00BF7DFF","A0A497L478"
"#00BF7DFF","A0A662D0K0"
"#00BF7DFF","A0A520K8M5"
"#00BF7DFF","A0A497GR18"
"#00BF7DFF","A0A2H5VH90"
"#00BF7DFF","A0A661VGG6"
"#00BF7DFF","A0A524A6M3"
"#00BF7DFF","A0A3M1WPF7"
"#00BF7DFF","A0A2M7AK45"
"#00BF7DFF","A0A2H0YLI4"
"#00BF7DFF","A0A1F7RZW6"
"#00BF7DFF","A2BN76"
"#00BF7DFF","A0A151AT15"
"#00BF7DFF","A0A524ASV3"
"#00BF7DFF","A0A1G3XYA8"
"#00BF7DFF","A0A662VKL8"
"#00BF7DFF","A0A662BLA3"
"#00BF7DFF","A0A085L9I3"
"#00BF7DFF","A0A2I0NFC3"
"#00BF7DFF","A0A497QLJ1"
"#00BF7DFF","A0A662HLP3"
"#00BF7DFF","A0A662UV27"
"#00BF7DFF","A0A0M9EA28"
"#00BF7DFF","A0A1V1NYU8"
"#00BF7DFF","A0A1G1HPP7"
"#00BF7DFF","A0A1G0KZU1"
"#00BF7DFF","A0A1G3Y2D4"
"#00BF7DFF","A0A419GQD4"
"#00BF7DFF","A0A0B0EKR1"
"#00BF7DFF","A0A661QJH2"
"#00C0AFFF","A0A524F811"
"#00C0AFFF","A0A524FF97"
"#00C0AFFF","A0A524DB40"
"#00C0AFFF","A0A5C9ET27"
"#00C0AFFF","A0A524FGX4"
"#00C0AFFF","A0A532TMK4"
"#00C0AFFF","A0A532TGL5"
"#00C0AFFF","A0A1Q9MUQ8"
"#00C0AFFF","A0A524FPM7"
"#00C0AFFF","A0A532TQY9"
"#00C0AFFF","A0A1Q9MQA4"
"#00C0AFFF","A0A524EVX9"
"#00C0AFFF","A0A5C9EDD4"
"#00C0AFFF","A0A524CK59"
"#00C0AFFF","A0A524F226"
"#00C0AFFF","A0A524FDP1"
"#00C0AFFF","A0A524CNI5"
"#00C0AFFF","A0A1Q9NCV2"
"#00C0AFFF","A0A1Q9P309"
"#00C0AFFF","A0A1Q9NAZ7"
"#00C0AFFF","A0A0F8V891"
"#00C0AFFF","A0A523TEQ0"
"#00C0AFFF","A0A523RA70"
"#00C0AFFF","A0A1Q9MSN6"
"#00BCD8FF","Q3SJ21"
"#00BCD8FF","A0A1E4L3B3"
"#00BCD8FF","A0A1G0NIN9"
"#00BCD8FF","A0A106BP30"
"#00BCD8FF","A0A258R5Z4"
"#00BCD8FF","N6YTZ9"
"#00BCD8FF","S9ZLM3"
"#00BCD8FF","A0A127K6U5"
"#00BCD8FF","C4ZN16"
"#00BCD8FF","N6YGJ0"
"#00BCD8FF","A0A1N6XRP9"
"#00BCD8FF","H0Q1W9"
"#00BCD8FF","A0A521HKC3"
"#00BCD8FF","A0A2N2URN8"
"#00BCD8FF","A0A2T4IKE0"
"#00BCD8FF","A0A4S4B4D7"
"#00BCD8FF","A0A2K9LED5"
"#00BCD8FF","A0A522IVV9"
"#00BCD8FF","A0A522IS14"
"#00BCD8FF","Q2SW59"
"#00BCD8FF","A0A1F4HLG5"
"#00BCD8FF","A0A1G3HYU1"
"#00BCD8FF","A0A5C1EB61"
"#00BCD8FF","A0A1F4JRR4"
"#00BCD8FF","B9YZ05"
"#00BCD8FF","A0A6L4B429"
"#00BCD8FF","A0A2N1XDU0"
"#00BCD8FF","A0A522LV39"
"#00B0F6FF","A0A151ABA2"
"#00B0F6FF","A0A2R6FYS3"
"#00B0F6FF","A0A2R6J9L1"
"#00B0F6FF","A0A2R6H6L4"
"#00B0F6FF","V4XPH6"
"#00B0F6FF","U1NJG7"
"#00B0F6FF","G0LKK4"
"#00B0F6FF","A0A1I5ULQ1"
"#00B0F6FF","M0HXA7"
"#00B0F6FF","A0A0P7HQJ2"
"#00B0F6FF","A0A2P4NM80"
"#00B0F6FF","M0DTS5"
"#00B0F6FF","A0A2R6JBJ6"
"#00B0F6FF","M0D983"
"#00B0F6FF","A0A1I5WHN7"
"#00B0F6FF","A0A4D6HUW1"
"#00B0F6FF","Q9HHH2"
"#619CFFFF","A0A2R6IMX4"
"#619CFFFF","A0A2R6HNE8"
"#619CFFFF","A0A2R6IFA0"
"#619CFFFF","A0A2R6N262"
"#619CFFFF","A0A2R6HJ59"
"#619CFFFF","M0N1Z4"
"#619CFFFF","M0N583"
"#619CFFFF","A0A2R6EWN6"
"#619CFFFF","A0A2R6K8F8"
"#619CFFFF","G0HZ71"
"#619CFFFF","A0A365T7W3"
"#619CFFFF","A0A1N7CZY9"
"#619CFFFF","A0A1H7V5N0"
"#619CFFFF","U1NA00"
"#619CFFFF","A0A1M5PEU1"
"#619CFFFF","A0A4D6HGK8"
"#619CFFFF","J3EU38"
"#619CFFFF","U1R2X2"
"#619CFFFF","C7NUF2"
"#619CFFFF","F7PEZ5"
"#619CFFFF","A0A0P7FS36"
"#619CFFFF","A0A2G1WM79"
"#619CFFFF","A0A1Y3AC64"
"#619CFFFF","A0A2R6E3F1"
"#619CFFFF","A0A0F7PF59"
"#619CFFFF","U1N8A9"
"#619CFFFF","V4XYI3"
"#619CFFFF","A0A2R6GN09"
"#619CFFFF","A0A1J4LQC6"
"#619CFFFF","L9WP58"
"#619CFFFF","A0A2R6LZ73"
"#619CFFFF","A0A2R6DLP7"
"#619CFFFF","A0A2R6LI71"
"#619CFFFF","A0A1P8RI12"
"#619CFFFF","A0A371M0Y3"
"#619CFFFF","M0NK86"
"#619CFFFF","A0A2R6M3U5"
"#619CFFFF","A0A2R6LG54"
"#619CFFFF","A0A3A5JK66"
"#619CFFFF","A0A3A5JJ38"
"#619CFFFF","A0A1I6SQD3"
"#619CFFFF","A0A5P9P881"
"#619CFFFF","V4YCP7"
"#619CFFFF","A0A256IE47"
"#619CFFFF","A0A1G7RWQ9"
"#619CFFFF","A0A2R6GBE0"
"#619CFFFF","M0N517"
"#619CFFFF","L9VPJ3"
"#619CFFFF","L9Y0A0"
"#619CFFFF","A0A1S8AU68"
"#619CFFFF","A0A1N7FG76"
"#619CFFFF","L9WHV2"
"#619CFFFF","A0A5J5LPN8"
"#619CFFFF","A0A343TGR4"
"#619CFFFF","A0A2R6H2K0"
"#619CFFFF","A0A4U7CM86"
"#619CFFFF","M0EAS6"
"#619CFFFF","M0KC34"
"#B983FFFF","A0A256IVI1"
"#B983FFFF","A0A256IJH2"
"#B983FFFF","A0A238YXS5"
"#B983FFFF","A0A2G1X3A1"
"#B983FFFF","A0A2R6FMF4"
"#B983FFFF","A0A1H4ABA8"
"#B983FFFF","U1NAI3"
"#B983FFFF","A0A498FU08"
"#B983FFFF","U1N8Y0"
"#B983FFFF","A0A365T8F3"
"#B983FFFF","A0A151AAA8"
"#B983FFFF","J2ZX78"
"#B983FFFF","A0A1H8VJF4"
"#B983FFFF","L9YKV7"
"#B983FFFF","A0A4D7H5P8"
"#B983FFFF","L9ZLJ5"
"#B983FFFF","V5A4F5"
"#B983FFFF","A0A1G8ZLR8"
"#B983FFFF","A0A0U5H9U3"
"#B983FFFF","A0A1H3HLW0"
"#B983FFFF","W0JN98"
"#B983FFFF","A0A3N6P9C6"
"#B983FFFF","A0A3N6M440"
"#B983FFFF","A0A3A6QHB7"
"#B983FFFF","A0A544QS20"
"#B983FFFF","A0A6B9F977"
"#B983FFFF","A0A256IAG1"
"#B983FFFF","A0A897NXH8"
"#B983FFFF","D3T1K1"
"#B983FFFF","A0A3N6LJZ5"
"#B983FFFF","L9VPE4"
"#B983FFFF","A0A3N6MEJ8"
"#B983FFFF","A0A1N7FGE3"
"#B983FFFF","A0A0F7PDI3"
"#B983FFFF","A0A1Q1FKG1"
"#B983FFFF","A0A1H8VRL7"
"#E76BF3FF","A0A371LRN3"
"#E76BF3FF","A0A371KZZ0"
"#E76BF3FF","A0A371LRH5"
"#E76BF3FF","A0A371LDY0"
"#E76BF3FF","A0A371MS17"
"#E76BF3FF","A0A256KRZ1"
"#E76BF3FF","A0A4U7CWV2"
"#E76BF3FF","M0PMA8"
"#E76BF3FF","A0A2R6F6M5"
"#E76BF3FF","A0A1Q1FLI6"
"#E76BF3FF","L0AE10"
"#E76BF3FF","A0A1S8AWF5"
"#E76BF3FF","A0A2R6MQM4"
"#E76BF3FF","F7PKA2"
"#E76BF3FF","A0A897N4G8"
"#E76BF3FF","D4H073"
"#E76BF3FF","A0A0F7PAR7"
"#E76BF3FF","M0BTZ8"
"#E76BF3FF","L0JXB0"
"#E76BF3FF","A0A5N5UF30"
"#E76BF3FF","A0A5Q0UJS9"
"#E76BF3FF","U1QZV2"
"#E76BF3FF","A0A081ES60"
"#FD61D1FF","A0A0W1RB00"
"#FD61D1FF","A0A1M5TGZ9"
"#FD61D1FF","A0A5D5ANG2"
"#FD61D1FF","I3R980"
"#FD61D1FF","L9UNS8"
"#FD61D1FF","A0A346PCG0"
"#FD61D1FF","M0D350"
"#FD61D1FF","M0D0C9"
"#FD61D1FF","M1Y2Q9"
"#FD61D1FF","A0A4V6DZQ3"
"#FD61D1FF","A0A1Q1FKD9"
"#FD61D1FF","A0A285P1H5"
"#FD61D1FF","A0A2R6D6D1"
"#FD61D1FF","L9WZJ4"
"#FD61D1FF","A0A897MNP1"
"#FD61D1FF","A0A063ZM03"
"#FD61D1FF","A0A482Y6U0"
"#FD61D1FF","U1NH49"
"#FD61D1FF","C7P3C6"
"#FD61D1FF","A0A5Q0ULN5"
"#FD61D1FF","A0A1N7FT13"
"#FD61D1FF","A0A3R7FL48"
"#FD61D1FF","A0A3A5JDX5"
"#FD61D1FF","A0A1D2QK66"
"#FF67A4FF","A0A830FB00"
"#FF67A4FF","A0A830G519"
"#FF67A4FF","M0NAD7"
"#FF67A4FF","A0A7D4YB67"
"#FF67A4FF","A0A2R6MNA4"
"#FF67A4FF","A0A2R6JE06"
"#FF67A4FF","A0A2R6FMB4"
"#FF67A4FF","A0A2R6M2J9"
"#FF67A4FF","A0A1H6G3I0"
"#FF67A4FF","A0A5P9P8G3"
"#FF67A4FF","A0A2B7GCA4"
"#FF67A4FF","L9YBU1"
"#FF67A4FF","A0A2R6GHR5"
"#FF67A4FF","A0A5Q0UJN8"
"#FF67A4FF","A0A2R6H1U0"
"#FF67A4FF","A0A7D5TWL4"
"#FF67A4FF","V4YA44"
"#FF67A4FF","U1QM91"
"#FF67A4FF","A0A4V6E3J3"
"#FF67A4FF","M0FC56"
"#FF67A4FF","A0A6A9T4D8"
"#FF67A4FF","M0D7A7"
"#FF67A4FF","M0K299"
"#FF67A4FF","F7PQR1"
"#FF67A4FF","M0E0W9"
"#FF67A4FF","A0A1I6FWN7"
"#FF67A4FF","A0A2R6MTH9"
"#FF67A4FF","M0PMF7"
"#FF67A4FF","A0A2G1X225"
"#FF67A4FF","A0A1H3MNS5"
"#FF67A4FF","A0A6B9Y376"
"#FF67A4FF","A0A2I8VKV0"
"#FF67A4FF","M0HGC7"
"#FF67A4FF","A0A643KAC7"
"#FF67A4FF","A0A1N7EKB5"
"#FF67A4FF","A0A1D2QCA8"
"#FF67A4FF","A0A161ZHL6"
"#FF67A4FF","U2DZV8"
"#FF67A4FF","A0A2R6FE35"
"#FF67A4FF","A0A371K7M7"
"#FF67A4FF","A0A063ZJF7"
"#FF67A4FF","A0A1I0NQ85"
"#FF67A4FF","A0A1N7EVP5"
"#FF67A4FF","A0A830FPP9"
"#FF67A4FF","F7PPS6"
"#FF67A4FF","A0A3A6QB52"
"#FF67A4FF","U1NUF8"
"#FF67A4FF","A0A3A5JKW6"
"#FF67A4FF","A0A2R6FLV1"
"#FF67A4FF","M0NDQ3"
"#FF67A4FF","A0A2R6JT23"
"#FF67A4FF","A0A554NFT8"
"#FF67A4FF","A0A063ZP61"
